<version-sites>70</version-sites>,,,,
https://www.inn.co.il,ערוץ 7,100,0,?
https://www.hidabroot.org/,הידברות,103,0,?
https://www.93fm.co.il/,קול חי,102,0,?
https://www.bhol.co.il/,בחדרי חרדים,105,0,?
https://www.sefaria.org.il/,ספריא,106,1,?
http://daf-yomi.com/,הדף היומי,107,1,?
https://ph.yhb.org.il/,פניני הלכה,108,1,?
https://web.mashov.info/students/,משוב תלמידים,109,2,?
https://school.kotar.cet.ac.il/,מטח - ספרי לימוד,110,2,?
https://bneiakiva.org.il/,בני עקיבא,111,3,?
https://ezra.org.il/,עזרא,112,3,?
https://tariel.co.il/,אריאל,113,3,?
https://xn--8dbbvwj.net/,פעולה. נט,114,3,?
https://www.rami-levy.co.il/,רמי לוי אונליין,116,16,?
https://www.shufersal.co.il/,שופרסל אונליין,117,16,?
https://yochananof.co.il/,יוחננוף,118,16,?
https://osherad.co.il/,אושר עד,119,16,?
https://www.ivory.co.il/,אייבורי,121,4,?
https://www.bug.co.il/,באג,122,4,?
https://leaderkids.co.il/,לידר,123,17,?
https://www.bazars.co.il/,בזאר שטראוס,124,17,?
https://drive.google.com/,Google Drive,126,5,?
https://he.thetimenow.com/worldclock.php,שעון עולמי,127,5,?
https://weather.com/,מזג האוויר,128,5,?
https://www.gov.il/,האתר הממשלתי,129,6,?
https://bus.gov.il/,תחבורה ציבורית,130,14,?
https://govisit.gov.il/,GoVisit,131,6,?
https://israelpost.co.il/,דואר ישראל,132,5,?
https://www.taasuka.gov.il/,לוח דרושים - שירות התעסוקה,133,6,?
https://www.tab4u.com/,Tab4U,134,7,?
https://www.chasidinews.com/,חסידיניוס,135,7,?
https://www.toker.fm/,הרדיו של מנחם טוקר,136,7,?
https://kcm.fm/,קול חי מיוזיק,137,7,?
https://kol-play.co.il/,קול פליי,138,7,?
https://steinsaltz-center.org/,שטיינזלץ,140,1,?
https://tikunkorim.co.il/,תיקון קוראים,141,1,?
https://koshertube.co.uk/,Koshertube,142,10,?
http://www.chabad.org.il/,חבד,143,1,?
https://chabad.info/,חבד אינפו,144,0,?
https://secapp.taxes.gov.il/,רשות המיסים - כניסה ללקוחות רשומים,145,6,?
https://mail.google.com/,Gmail,147,5,?
https://www.otzar.org/,אוצר החוכמה,148,1,?
https://www.paypal.com/,PayPal,149,8,?
https://www.bankotsar.co.il/,אוצר החייל,150,8,?
https://www.bankhapoalim.co.il/,בנק הפועלים,151,8,?
https://www.discountbank.co.il/,דיסקונט,152,8,?
https://www.leumi.co.il/,לאומי,153,8,?
https://www.pepper.co.il/,פפר,154,8,?
https://www.bankhadoar.co.il,בנק הדואר,155,8,?
https://www.mercantile.co.il/,מרכנתיל,156,8,?
https://www.mizrahi-tefahot.co.il/,מזרחי טפחות,157,8,?
https://www.clalit.co.il/,כללית,158,9,?
https://www.maccabi4u.co.il/,מכבי,159,9,?
https://www.meuhedet.co.il/,מאוחדת,160,9,?
https://leumit.co.il/,לאומית,161,9,?
https://www.udemy.com/,Udemy,162,2,?
https://students.education.gov.il/,פורטל תלמידים,163,2,?
https://www.ornaki.org/,אור נקי,164,1,?
https://newsmusic.blogspot.com/,חדשות המוזיקה להורדה,165,7,?
https://campus.gov.il/,קמפוס IL,166,2,?
https://ksp.co.il/,KSP,167,4,?
https://daily-torah.tv/,ערוץ התורה,168,10,?
https://askrav.com/,שאל את הרב,169,1,?
https://www.hamichlol.org.il/,המכלול,170,1,?
https://www.jdn.co.il/,JDN – חדשות,171,0,?
https://meirkids.co.il/,ערוץ מאיר לילדים,172,10,?
https://www.jtube.live/,Jtube,174,10,?
https://www.th770.co.il/alef/free,ערוץ אלף,175,10,?
https://chitadelivery.co.il/,צ'יטה שליחויות,176,4,?
https://il.kolkore.com/,קול קורא,178,1,?
https://www.iec.co.il/,חברת החשמל,179,6,?
https://inbar.biu.ac.il/,אינ-בר,180,2,?
https://math-wiki.com/,Math-Wiki,181,2,?
https://www.govmap.gov.il/,Govmap,182,6,?
https://www.kore.co.il/,כל רגע,183,0,?
https://www.dirshu.co.il/,דרשו,184,1,?
https://www.kikar.co.il/,כיכר השבת,185,0,?
https://translate.google.com/,Google Translate,186,5,?
https://grapholike.com/,גרפולייק - ברכות ואיחולים,187,5,?
https://chabadshop.com/,חבד - שופ,188,4,?
https://www.mushgach.co.il/,מושגח - החנות הרשמית,189,15,?
https://yefe.co.il/,יפה נוף פלדהיים - ספרים,190,4,?
https://www.sifreiorhachaim.co.il/,ספרי אור החיים,191,4,?
https://www.oref.org.il/,פיקוד העורף,192,6,?
https://www.btl.gov.il/,ביטוח לאומי,193,6,?
https://www.m-math.co.il/,לומדים מתמטיקה,194,2,?
https://koshercode.netlify.app/,תכנות - חומרי למידה,195,2,?
https://www.b144.co.il/,b144,196,5,?
https://www.waze.com/,Waze - וויז,197,5,?
https://www.kidichic.co.il/,קידישיק,198,17,?
https://kidsbasicfashion.com/,קידס בייסיק,199,17,?
https://www.hadasminilove.com/,הדס מיני לאב,200,17,?
https://new.mishnatyosef.org/,משנת יוסף,201,17,?
https://skillshop.exceedlms.com/,הסדנה הדיגיטלית של Google,202,2,?
https://www.angelskids.co.il/,Angeles - בגדי ילדים,203,17,?
https://www.muka.co.il/,מוקה סטיילינג,204,17,?
https://www.galpazmuzic.com/,גל פז מוזיקה,205,7,?
https://www.greentec.co.il/,גרינטק - מוזיקה ותוכן יהודי,206,10,?
https://eshkolot.net/,אשכולות - קורסים מקוונים,207,2,?
https://poh.education.gov.il/,פורטל עובדי הוראה,208,6,?
https://my.gov.il/,אזור אישי ממשלתי,209,6,?
https://ysrihut.co.il/,יופי של ריהוט,210,4,?
https://milog.co.il/,מילוג - מילון עברי עברי,211,5,?
https://www.dshir.co.il/,דברי שיר,212,4,?
https://www.tami4.co.il/,תמי 4,213,4,?
https://hse.org.il/,הרב שמואל אליהו,215,1,?
https://www.yeshiva.org.il/,אתר ישיבה,216,1,?
https://glatticket.co.il/,גלאטיקט - תרבות ברוח ההלכה,218,11,?
https://www.cartube.co.il/,קארטיוב - חדשות רכב,219,14,?
https://www.shagrir.co.il/,שגריר - שירותי דרך בעמ,220,14,?
https://www.matara.pro/,נדרים פלוס,221,1,?
https://kids.hidabroot.org/movies,סרטים לילדים - הידברות,222,10,?
https://www.shukcity.co.il/,שוק העיר - סופרמרקט אונליין,223,4,?
https://www.hvr.co.il/,חבר' משרתי הקבע והגמלאים,225,11,?
https://www.jerusalemzoo.org.il/,גן החיות התנכי,226,11,null
https://www.israel-aquarium.org.il/,אקווריום ישראל,227,11,?
https://www.safari.co.il/,הספארי,228,11,?
https://www.parks.org.il/,רשות הטבע והגנים,229,11,?
https://www.jumbomail.me/,ג'אמבו מייל - שליחת קבצים גדולים,230,5,?
https://hashadchan.co.il/,השדכן,231,13,?
https://hamenagen.net/,המנגן מיוזיק,232,7,?
https://xn--4dbclabp0e.co.il/plan,אוטובוס קרוב,233,5,?
https://www.pneimelech.com/,פני מלך לילדים,234,10,?
https://miktzav.com/,מקצב - פורום המוזיקה החרדי,235,7,?
https://zoom.us/,Zoom,236,5,?
https://hadass.site/,הדס - מאגר סרטונים כשרים,238,10,?
https://col.org.il/,חבד און ליין,239,0,?
https://www.9tut.com/,CCNA Training,240,2,?
https://umanshalom.co.il/,אומן שלום,241,1,?
https://www.bshemtov.com/,בית הבעל שם טוב,242,1,?
https://www.jerusalem.muni.il/,עיריית ירושלים,243,12,?
https://www.bnei-brak.muni.il/,עיריית בני ברק,244,12,?
https://www.elad.muni.il/,עיריית אלעד,245,12,?
https://betshemesh.muni.il/,עיריית בית שמש,246,12,?
https://www.modil.org.il/,עיריית מודיעין עילית,247,12,?
https://www.betar-illit.muni.il/,עיריית ביתר עילית,248,12,?
https://www.shomron.org.il/,שומרון,249,12,?
https://www.binyamin.org.il/,מטה בנימין,250,12,?
https://www.ami.org.il/,עזר מציון,251,13,?
https://yad-sarah.net/,יד שרה,252,13,?
https://www.ezra-lemarpe.org/,עזרא למרפא,253,13,?
https://zichron.org/,זכרון מנחם,254,13,?
https://puah.org.il/,מכון פועה,255,13,?
https://yedidim-il.org/,ידידים - סיוע בדרכים,256,13,?
https://www.paamonim.org/,פעמונים,257,13,?
https://www.albar.co.il/,אלבר,258,14,?
https://www.shlomo.co.il/,שלמה סיקסט,259,14,?
https://www.hertz.co.il/,הרץ - השכרת רכב,260,14,?
https://www.eldan.co.il/,אלדן - רכב,261,14,?
https://auto-shay.com/,אוטו שי,262,14,?
https://www.freesbe.com/,פריסבי - רכב,263,14,?
https://www.avis.co.il/,Avis -  רכב,264,14,?
https://www.budget.co.il/,Budget - רכב,265,14,?
https://rimon.net.il/,אינטרנט רימון,266,15,?
https://www.netsparkmobile.com/,נטספארק - netspark,267,15,?
https://netfree.link/,נטפרי,268,15,?
https://kosherplay.com/,כשר פליי,269,15,?
https://hadran.net/,הדרן,270,15,?
https://derechamelech.net/,דרך המלך,271,15,?
https://mmb.org.il/,לוקחים אחריות,272,15,?
https://ironswords.help/,עורף ברזל,273,13,?
https://www.idf.il/,אתר צהל,274,6,?
https://www.miluim.idf.il/,אתר המילואים,275,6,?
https://meirtv.com/,ערוץ מאיר,276,1,?
https://www.hybp.co.il/,ישיבת אשרי האיש,277,1,?
https://spotdownloader.com/,Spotify Downloader,278,7,?
https://www.hp.com/,HP - מחשבים,279,4,?
https://hebrewbooks.org/,hebrewbooks.org,280,1,?
https://www.date4dos.co.il/,שליש גן עדן,281,13,?
https://www.7brachot.co.il/,שבע ברכות - הכרויות לדתיים,282,13,?
https://www.cal-online.co.il/,כאל - כרטיסי אשראי לישראל,283,8,?
https://www.isracard.co.il/,ישראכרט - כרטיסי אשראי,284,8,?
https://www.max.co.il/,מקס - כרטיסי אשראי,285,8,?
https://harv.co.il/,הרב - שיעורי תורה,286,1,?
https://www.kolhalashon.com/,קול הלשון - שיעורי תורה,287,1,?
https://www.doscast.co.il/,דוסקאסט - ספרית פודקאסטים,288,10,?
https://www.pushcoins.org/,PushCoins - אפליקצית הצדקה של ישראל,289,13,?
https://www.ashdod.muni.il/,עיריית אשדוד,290,12,?
https://www.yemot.co.il/,ימות המשיח פתרונות תקשורת,291,4,?
https://www.call2all.co.il/yemot-admin-g1/,ימות המשיח ניהול מערכת טלפונית,292,5,?
http://www.kizur.co.il/,קיצורים וראשי תיבות,293,5,?
https://www.clfb.org.il/,הספריה לעיוורים ולבעלי לקויות קריאה,294,2,?
https://www.ikea.com/,איקאה,295,4,?
https://www.ace.co.il/,אייס - ACE,296,4,?
https://www.homecenter.co.il/,הום סנטר,297,4,?
https://www.migdal.co.il/,מגדל - פנסיה וקופות גמל,298,8,?
https://www.tlushim.co.il/,תלושים,299,8,?
https://www.w3schools.com/,W3Schools,301,2,?
https://www.egged.co.il/,אגד,302,14,?
https://ashoova.co.il/,אשובה,303,1,?
https://www.kvish6.co.il/,כביש 6,304,14,?
https://6cn.co.il/,כביש חוצה צפון,305,14,?
https://019mobile.co.il/,019 מובייל,306,15,?
https://www.tov.org.il/,מועדון טוב - תרבות ופנאי,307,11,?
https://alhatorah.org/,על התורה,308,1,?
https://shalomlaam.co.il/,שלום לעם,309,1,?
https://www.hakolhayehudi.co.il/,הקול היהודי,310,0,?
https://www.jobik.co.il/,jobik - אתר המשרות של הציבור החרדי,311,8,?
https://www.prog.co.il/,פרוג - דף הבית של היוצרים החרדים,312,2,?
https://www.shops.hidabroot.org/,הידברות שופס,313,4,?
https://speasyil.com/,ספיזי - לימוד אנגלית אונליין,314,2,?
https://tablet.otzar.org/,אוצר החכמה,315,1,?
https://myofek.cet.ac.il/,אופק - יסודי,316,2,?
https://www.ybe.org.il/,קרית הישיבה בית אל,319,13,?
https://www.makor-moosmach.co.il/,מקור מוסמך,320,0,?
https://www.mcc.co.il/,חבר - אזרחים עובדי צהל,321,11,?
https://ch10.co.il,חרדים 10,322,0,?
https://www.zig-zag.co.il/,זיגזג שליחויות,323,4,?
https://promotionstudio.co.il/,אחים לניצחון - תפילה לשלום חיילי צהל,325,13,?
https://chat.google.com/,Google Chat,326,5,?
https://pti.org.il/,מידע לנוסע בתחבורה הציבורית,327,5,?
https://shiduch.co/,שידוכים כהלכה,328,13,?
https://www.base.idf.il/,בסיס חכם,329,6,?
https://run.hfd.co.il/,HFD - מעקב משלוחים,330,4,?
https://www.ashdod-haredim.co.il/,חרדים אשדוד,331,0,?
https://www2.kolhalashon.com/,קול הלשון האתר החדש,332,1,?
https://mertens.malam.com/,מרטנס - קריירה,333,5,?
https://siteground.com/,SiteGround,334,5,?
https://revaha448.business.site/,שערי רווחה,335,4,?
https://www.electra-afikim.co.il/,אלקטרה - אפיקים,336,5,?
https://www.sefer.org.il/,אוצר הספרים,337,4,?
https://sarig.com/,שריג אלקטריק,338,4,?
https://course.lioryk.com/,האקדמיה לאומנות הקסמים והמנטליזם,339,2,?
https://www.kolel.org/,כולל - Kolel,340,1,?
https://www.tv2000.co.il/,ערוץ 2000,341,0,?
https://orot.ac.il/,מכללת אורות ישראל,342,2,?
https://imaot.co.il/,אמהות מבשלות ביחד,343,16,?
https://www.sugat.com/,סוגת - מתכונים,344,16,?
https://www.hachtava.co.il/,הכתבה - אתר לתרגול הכתבות,345,2,?
https://ravkavonline.co.il/,רב קו,346,14,?
https://homework.lnet.org.il/,המקפצה,347,2,?
https://ads.google.com/,Google Ads,348,5,?
https://hameir-laarets.org.il/,המאיר לארץ,349,1,?
https://milatova.org.il/,מילה טובה,350,1,?
https://www.icar.co.il/,iCar - רכב,353,14,?
https://cafecafe.co.il/,קפה קפה,354,16,?
https://study.noeg.co.il/,נוהג - קורס תיאוריה,355,2,?
https://www.masoret.co/,מסורת - אתר המסורת היהודית,356,1,?
https://kav.meorot.net/,המאורות - יהדות תימן,357,1,?
https://zoogyot.co.il,בית ספר לזוגיות - בואי כלה,358,1,?
https://padlet.com/,פדלט - Padlet,359,2,?
https://www.kranoth.org.il/,קרנות השתלמות לעובדי הוראה,360,2,?
https://bd.mda.org.il/,זימון תורים בנק הדם,361,9,?
https://www.pizzahut.co.il/,פיצה האט,362,16,?
https://pool.org.il/,הפול - ביטוח,363,14,?
https://www.555.co.il/,ביטוח ישיר,364,14,?
https://new.tehilimyahad.com/,תהילים יחד,365,1,?
https://meitav.co.il/,מיטב - בית השקעות,366,8,?
https://classroom.google.com/,Google Classroom,367,2,?
https://www.rachlin.org.il/,חסידות רחלין,368,1,?
https://www.kivunimrights.com/,כיוונים | זכויות,369,8,?
https://din.org.il/,דין - שאל את הרב,370,1,?
https://golantelecom.co.il/,גולן טלקום,371,15,?
https://th770.co.il/,צבאות השם,373,3,?
https://hebrewplus.co.il/,עברית פלוס,374,2,?
https://www.malam-payroll.com/,מלם שכר,375,8,?
https://shomera.co.il/,שומרה ביטוח,376,8,?
https://www.fibi.co.il/,הבנק הבינלאומי,378,8,?
https://www.aig.co.il/,AIG - ביטוח,379,8,?
https://www.kiryatmoshe.co.il,ישיבת קרית משה,380,1,?
https://karovel.co.il,קרוב אליך,381,1,?
https://yhb.org.il/,ישיבת הר ברכה,382,1,?
https://rachasheilev.org/,רחשי לב,383,13,?
https://calendar.2net.co.il/,לוח שנה עברי,384,5,?
https://www.bankjerusalem.co.il,בנק ירושלים,385,8,?
http://api.bat-ami.org.il/,בת עמי | שירות לאומי,386,13,?
https://www.tel-aviv.gov.il/,עיריית תל אביב יפו,387,12,?
https://reshetbarzel.co.il/,רשת ברזל למלחמה,388,1,?
https://www.citycar.co.il/,סיטי קאר,389,14,?
https://www.meytarim.org/,מינהל קהילתי מיתרים,390,12,?
https://www.cheaphone.co.il/,צי'פון - חנות סלולר,391,4,?
https://hadratkodesh.co.il/,הדרת קודש - פלוס תקשורת,392,15,?
https://jewishenter.com/,J Enter,393,11,?
https://www.fnx.co.il/,הפניקס - השקעות ביטוח פיננסים,395,8,?
https://www.psagot.co.il/,פסגות - בית השקעות,396,8,?
https://www.hist.org.il/,ביחד בשבילך - מועדון הטבות,397,11,?
https://xn--7dbadcmma2c1d.xn--4dbrk0ce/,דוד החקיין - האתר הרשמי,398,10,?
https://www.whatsappmods.me/,וואטסאפ מוד - Whatsapp Mod,399,5,?
https://www.cfir.co.il/,כפיר - רכבת קלה ירושלים,400,14,?
https://datiya.co.il/,דתיה אונליין | בגדים לדתיות,401,17,?
https://www.menoramivt.co.il/,מנורה מבטחים,402,8,?
https://breslev.co.il/,ברסלב ישראל,403,1,?
https://kidstorah.org/,ספר התורה של ילדי ישראל,404,1,?
https://hmc.co.il/,הרצליה מדיקל סנטר,405,9,?
https://www.harel-group.co.il/,הראל ביטוח,406,8,?
https://www.talpiot.ac.il/,מכללת תלפיות,407,2,?
https://chabadpedia.co.il/,חב''דפדיה,408,1,?
https://rechavimzelaze.ovh/,פורום רכבים זה לזה,409,14,?
https://www.jct.ac.il/,המרכז האקדמי לב,410,2,?
https://www.mast.co.il/,mast,411,12,?
https://www.tairneri.co.il/,תאיר נרי - הרב ניר בן ארצי,412,1,?
https://www.shilav.co.il/,שילב,413,17,?
https://mina.co.il/,מינה בגדי ילדים,414,17,?
https://www.unicko.com/,unicko - virtual classroom,415,2,?
https://shop.shreibers.com/,שרייבר,416,4,?
https://www.bneidavid.org/,בני דוד עלי,417,1,?
https://he.americanexpress.co.il/,אמריקן אקספרס,418,8,?
https://www.paypo.com/,paypo - קופה רושמת,419,4,?
https://zoyaonline.co.il/,זויה - בית לאופנה צנועה,420,17,?
https://www.batmelech.org/,עמותת בת מלך,421,18,?
https://bnotchabad.co.il/,בנות חבד,422,18,?
https://quizlet.com/,Qwizlet,423,2,?
https://alldaf.org/,Alldaf.com,424,1,?
https://www.vdoc.co.il/,vdoc - רפואה דיגיטלית מתקדמת,425,9,?
https://kingroyal.co.il,קינג רויאל,426,4,?
https://charidy.com/,צ'רידי - charidy,427,13,?
https://mashcantaman.co.il/,משכנתאמן - בלוג משכנתאות,429,8,?
https://www.music-table.com,Music Table - Jewish Music,430,7,?
https://www.anafeam.co.il/,ענפים - הרב יגאל כהן,431,1,?
https://www.hoshenjudaica.co.il/,חושן תשמישי קדושה,432,4,?
https://www.neshei.com/,נשי ובנות חבד,433,18,?
https://cstyle.co.il/,סי סטייל - אופנה צנועה,434,17,?
https://new-york-dress-shop.business.site/,ניו-יורק | אופנת נשים,435,17,?
https://www.yl-invest.co.il/,ילין לפידות - בית השקעות,436,8,?
https://mikraeikodesh.org.il/,מקראי קודש,437,1,?
https://www.rebbedrive.com/,רבי דרייב,438,1,?
https://www.madanes.com/,מדנס ביטוח,439,8,?
https://gye.org.il/,GYE - הבלוג המקצועי,440,15,?
https://www.assuta.co.il/,אסותא - בית חולים,441,9,?
https://252project.co.il/,פרויקט 252,442,13,?
https://www.herzliya.muni.il/,עיריית הרצליה,443,12,?
https://yairzaurov.co.il/,יאיר זאורוב - קורס אמן חושים,444,2,?
https://www.ddavidi.co.il/,דוידי ציוד למספרות,445,4,?
https://www.home.energilit.com/,Energilit - מערכות סולאריות,446,4,?
http://www.tamarwater.co.il/,תמר - תאגיד מים אזורי,447,12,?
https://www.tepez.co.il/,טפז - טפסים ממוחשבים,448,5,?
https://www.mygemel.net/,מיי גמל נט,449,8,?
https://www.calcurate.co.il/,מחשבון זכאות - משרד הבינוי והשיכון,450,8,?
https://achrayut.ravpage.co.il/,לוקחים אחריות - המרכז החינוכי,451,15,?
https://www.ashmoret-itu.co.il/,אשמורת - מבית הסתדרות המורים,452,11,?
https://meravdigital.co.il/,מירב דיגיטל,453,8,?
https://www.beer-sheva.muni.il/,עיריית באר שבע,454,12,?
https://idf.mltp.co.il/,אתר הכוכבים - לחילי צהל,455,11,?
https://Zuzu.prat.idf.il,זוזו - חיילים,456,14,?
https://aqua.org.il/,אקווה - האתר הישראלי לדגי נוי,457,2,?
https://nosachteiman.co.il/,נוסח תימן - יהדות תימן,458,1,?
https://www.icount.co.il/,iCount - הנהלת חשבונות באינטרנט,459,8,?
https://yaadpay.yaad.net/,יעד שריג - סליקת אשראי,460,5,?
https://look4.tech/,חברים מספרים עליך - שידוכים לדתיים,461,13,?
https://5dakot.com/,5 דקות,462,4,?
https://roeto.co.il/,Roeto - מערכת לניהול לקוחות,463,5,?
https://tfilon.com/,תפילון,464,1,?
https://www.shlich.us/,שליחות חבד - המרכז לעזרי שליחות,465,1,?
https://www.drushim.co.il/,דרושים IL,466,8,?
https://www.amal-nehiga.org.il/,עמל קורסים לנהיגה נכונה,467,2,?
https://www.yeshivakg.co.il/,ישיבת ההסדר קריית גת,468,1,?
https://www.midrag.co.il/,מידרג - דירוג בעלי מקצוע,469,5,?
https://www.ezcount.co.il/,EasyCount - חשבוניות באינטרנט,470,8,?
https://chasidishplus.co.il/,חסידיש פלוס - יוצרים אמנות בשבילך,471,5,?
https://jew10.com/,אלמנטריק - תמונות ואלמנטים יהודיים,472,5,?
https://beitalef.com/,בית אלף - גופנים,473,5,?
https://fontbit.co.il/,fonobit - ספריית גופנים,474,5,?
https://fonts.google.com/,Google Fonts,475,5,?
https://bit2c.co.il/,bit2c - קנית ביטקוין וקריפטו,476,8,?
https://www.doresh-tzion.co.il/,דורש ציון,477,1,?
https://photos.google.com/,תמונות גוגל - Google Photos,478,5,?
https://contacts.google.com/,אנשי קשר גוגל,479,5,?
https://www.herzog.ac.il/,הרצוג - מכללה אקדמית,480,2,?
https://www.xn--febl3a.co.il/,תנך על הפרק,481,1,?
https://www.etzion.org.il/he,תורת הר עציון,482,1,?
https://tor.mashovltd.co.il/,זימון תורים משוב,483,9,?
https://givechak.co.il/,גיבצ'אק - גיוס המונים,484,13,?
https://www.amidar.co.il/,עמידר - החברה הלאומית לשיכון בישראל,485,6,?
https://meitav.viewtrade.com/,מיטב טרייד - meitav trade,486,8,?
https://www.habait4u.com/,הבית פור יו,487,4,?
https://www.homestyle.co.il/,הום סטייל,488,4,?
https://www.rabenu.co.il/,ישיבת אור דוד,489,1,?
https://shop.hazi-hinam.co.il/,חצי חינם אונליין,490,4,?
https://www.breslev.org/,שער ברסלב,491,1,?
https://shushan.co.il/,טל בן שושן - טכנולוגיה,492,2,?
https://onedrive.live.com/,Microsoft OneDrive,493,5,?
https://www.galgalim.co.il/,גלגלים - רכב,494,14,?
https://www.kosharot.co.il/,כושרות - יעוץ והכוונה בכשרות,495,1,?
https://moovitapp.com/,מוביט - moovit,496,14,?
https://negina.co.il/,נגינה - לימודי מוזיקה,497,7,?
https://www.mhd.co.il/,מלאה הארץ דעה,498,1,?
https://www.medi-link.co.il,מדי לינק,499,9,?
https://www.cashback-hvr.co.il/,חבר קאשבק,500,11,?
https://www.morfix.co.il/,מורפיקס - Morfic,501,5,?
https://tofes101.co.il/,טופס 101 מקוון,502,8,?
https://app.morielenglish.co.il/,מוריאל אנגלית,503,2,?
https://adiv.biz/,אדיב חולצות מודפסות,504,4,?
https://chef-lavan.co.il/,השף הלבן - מתכונים,505,16,?
https://www.na-yes.com/,נייעס - קבוצות וואטסאפ לציבור החרדי,506,11,?
https://vocalremover.org/,vocal remover,507,5,?
https://merkavutargaman.com/,מרכבות ארגמן - ספרי הרב מאיר אליהו,508,4,?
https://shutaf.im/,שותפים - גיוס המונים,509,13,?
https://yeshcomputers.biz/,י.ש. מחשבים,510,4,?
https://www.yelonmoreh.co.il/,ישיבת אלון מורה,511,1,?
https://rachel-h.co.il/,רייצ'ל H,512,17,?
https://hayanuka.com/,הינוקא - ים שלמה,513,1,?
https://hamusicay.com/,המוזיקאי - פורום מוזיקה,514,7,?
https://search.dicta.org.il/,דיקטה - חיפוש בתנך,515,1,null
https://chordityourself.com/,להוציא אקורדים משמיעה,516,7,?
https://or-breslev.co.il/,אור הגנוז - ברסלב,517,1,?
https://pocketteacher.co/,pocket teacher - להצליח בלימודים,518,2,?
http://www.sephardichazzanut.com/,חזנות ספרדי,519,1,?
https://bvl.org.il/,בית ועד לחכמים,520,1,?
https://wordwall.net/he,Wordwall - צור חומרי למידה,521,2,?
https://shayleyeladim.org.il/,שי לילדים,522,1,?
https://www.rabenu.shop/,רבנו שופ - חנות האש שלי,523,4,?
https://www.bslonline.co.il/,BSL - הספר להשקעות,524,8,?
https://www.mafteiach.app/,מפתח,526,1,?
https://abargel.co.il/,קול רינה - הרב יורם אברג'ל,527,1,?
https://www.kranot.org.il/,קרנות השוטרים,528,11,?
https://cello-app.com/,Cello - חנייה,529,14,?
https://korenpub.co.il/,הוצאת קורן,530,4,?
https://www.shluchimexchange.com/,שלוחים אקסצ'יינג,531,1,?
https://workspace.google.com/,Google Workspace,532,5,?
https://stylishfashion.co.il/,סטייליש - חנות בגדים,533,17,?
https://www.bank-yahav.co.il/,בנק יהב,534,8,?
https://net.hilan.co.il/,חילנט,535,8,?
https://www.sheba.co.il/,שיבא תל השומר,536,9,?
https://rabimeir.weebly.com/,הרב מאיר אליהו,537,1,?
https://kol-barama.co.il/,קול ברמה,538,7,?
https://www.banana-fashion.co.il/,בננה - אופנה,539,17,?
https://chemise.co.il/,שמיז - בגדים לנשים,540,17,?
https://kahoot.com/,Kahoot!,541,2,?
https://www.behatsdaa.org.il/,בהצדעה - הטבות למילואים,542,11,?
https://acheynu.co.il/,אתר אחינו,543,1,?
http://www.angeles.co.il/,אנג'לס - קרית מלאכי,544,0,?
https://www.iscool.co.il/,iscool - אי סקול,545,2,?
https://www.haifa.ac.il/,אוניברסיטת חיפה,546,2,?
https://simplesteps.co/,SimpleSteps - ניסוים לילדים,547,2,?
https://sulam-y.co.il/,סולם יהודה,548,1,?
https://www.gordon.ac.il/,האקדמית גורדון - מכללה לחינוך,549,2,?
https://www.easyjet.com/,איזיג'ט טיסות - easyjet,550,14,?
https://jewishoffice.co.il/,אופיס יהודי,551,1,?
https://limudtora.co.il/,לימוד תורה - שיעורי תורה,552,1,?
https://boimalca.co.il/,בואי מלכה - בגדים צנועים,553,17,?
https://maccabi-dent.com/,מכבידנט - מרפאות שיניים,554,9,?
https://www.cet.ac.il/,מטח - המרכז לטכנולוגיה חינוכית,555,2,?
https://www.harish.muni.il/,ערית חריש,556,12,?
https://support.google.com/,עזרה Google,557,5,?
https://www.chabad.org/,בית חבד,558,1,?
https://www.dayan-tikshoret.co.il/,דיין תקשורת,559,4,?
https://city4u.co.il/,פורטל שירות Onecity,560,12,?
https://www.elal.com/,אל על - El Al,561,14,?
https://www.go-ins.co.il/,ביטוח go,562,8,?
https://www.amisragas.co.il/,אמישראגז,563,4,?
https://www.ariel.ac.il/,אוניברסיטת אריאל ,564,2,?
https://yadrefael.com/,יד רפאל - סופרי סתם,565,1,?
https://afikey-mayim.co.il/,אפיקי מים - בית הוראה,566,1,?
https://yadleachim.co.il/,יד לאחים,567,13,?
https://www.yuvallim.co.il,יובלים - תאגיד המים אשדוד,568,12,?
https://www.bookaflight.co.il/,טיסות - Book A Flight,569,14,?
https://www.mdais.org/,מגן דוד אדום בישראל,570,9,?
https://www.ronyohananov.com/,רון יוחננוב - בלוג אוכל,571,16,?
https://creditdata.org.il/,נתוני אשראי - בנק ישראל,572,8,?
https://taamu.co.il/,טעמו וראו - הרב בועז שלום,573,1,null
https://verifone.co.il/,Verifone - סליקת אשראי ,574,8,?
https://totalkg.org.il/,ישיבת תומכי תמימים קרית גת,575,1,?
https://www.sinai.org.il/,סיני - לימוד הדף היומי,576,1,?
https://mechon-mamre.org/,מכון ממרא,577,1,?
https://www.kitomarom.co.il/,קיטו מרום - פרויקטים חינוכיים,578,12,?
https://elitcar.co.il/,עילית קאר - סוכנות רכב,579,14,?
https://www.boi.org.il/,בנק ישראל,580,8,?
https://ashreinu.app/,אשרינו - הרבי מליובאוויטש,581,1,?
https://www.tirat-carmel.muni.il/,עיריית טירת הכרמל,582,12,?
https://www.theorytest.org.il/,מבחני תיאוריה - משרד הרישוי,583,6,?
https://eforms.hargal.co.il/,הר גל טפסים,584,5,null
https://www.lbr.co.il/,ליברה ביטוח,585,8,null
https://store.daniphone.co.il/,דני פון סוללר,586,4,null
https://the-center.co.il/,המרכז להשכלה תורנית גבוהה,587,2,null
https://www.hasolidit.com/,הסולידית - פורום השקעות,588,8,null
https://tehilim.co/,תהילים,589,1,null
https://wizzair.com/,Wizz Air,590,14,null
https://www.h-more.co.il/,הום & מור - טקסטיל לבית,591,4,null
https://digitalschool.co.il/,דיגיטל סקול - מכללת איקום,592,2,null
http://zolsefer.co.il/,זול ספר - ספרי קודש,593,4,null
https://beinhazmanim.iyun.org.il/,בין הזמנים - במה לספרות חרדית,594,11,null
https://vdivani.co.il/,ויטוריו דיואני - הכל לבית,595,4,null
https://pnimi.org.il/,גל עיני - פנימי,596,1,null
https://netzach-md.org.il/,נצח - מכינה ללימודי רפואה,597,2,null
https://www.haazinu.net/,האזינו - שיעורים ברמבם היומי,598,1,null
https://videos.jem.tv/,JEM.tv - הרבי מליובאוויטש,599,10,null
https://sheilot.com/,שאלות - פורטל עולמי לשאלות בהלכה,600,1,null
https://breslovmatch.com/,אתר שידוכים ברסלב,601,13,null
https://bagir-il.com/,בגיר אופנת גברים,602,4,null
https://smslarav.co.il/,סמס לרב,603,1,null
https://mekupele.co.il/,מקופלא - חווית למידה מהלב,604,2,null
https://www.heichal.co.il/,היכל מנחם - ספרים ויודאיקה,605,4,null
https://www.toratesh.com/,תורת אש - מרכז הסתם,606,1,null
https://thedailysicha.com/,השיחה היומית,607,1,null
https://m-shuk.net/,מחסני השוק,608,4,null
https://kollkvoda.co.il/,קול כבודה,609,18,null
https://www.chabadjewishlife.org,חבד חיים יהודיים,610,1,null
https://www.metropoline.com/,מטרופולין,611,14,null
https://chabadisrael.co.il/,חבד ישראל,612,1,null
https://remotedesktop.google.com/,Chrome Remote Desktop,613,5,null
https://matara.pro/,נדרים פלוס,614,1,null
https://groups.google.com/,Google Groups,615,5,null
https://www.dos.co.il/,המשודך המתוסבך,616,11,?
https://www.webtop.co.il,Webtop,617,2,?
https://www.as-invest.co.il/,אלטשולר שחם - בית השקעות,618,8,?
https://www.zoharhasulam.com/,זוהר הסולם,619,1,?
https://www.pango.co.il/,Pango - פנגו,620,14,?
https://www.mercaz-habama.com/,מרכז הבמה,621,11,?
https://mitbagrim.org.il/,עבודה בעיניים,622,3,?
https://www.10dakot.co.il/,מתכונים - עשר דקות,623,16,?
https://www.tehillim-center.co.il/,מוקד תהילים ארצי,624,1,?
https://orhachaim.co.il/,מוסדות אור החיים,625,1,?
http://wikivort.co.il/,WikiVort - וורט,626,1,?
https://www.timewatch.co.il/,TimeWatch - שעון נוכחות,627,5,?
https://www.holon.muni.il/,עיריית חולון,628,12,?
https://www.ktr.org.il/,כתר מלוכה | כסא רחמים,629,1,?
https://the-openclass.org/,שיעור פתוח,630,2,?
https://www.shadow-order.com/,שיטת שאדו - הגנה עצמית,632,2,?
https://70q.co.il/,70 השאלות הקשות ביהדות,633,1,?
https://glat.tube/,גלאטיוב - יוטיוב כשר,634,10,?
https://noeg.co.il/reset/,נוהג - לימוד תיאוריה בחינם,635,2,?
https://www.ivelt.com/,אידישע וועלט - I velt,636,1,?
https://ontopo.com/,חווית אוכל | אונטופו,637,16,?
https://mehadrin.foody.co.il/,פודי מהדרין - מתכונים,638,16,?
https://chanivainberger.co.il/,חני וינברג - מותג איפור,639,18,?
https://parasha.org/,פרשה ואישה,640,18,?
https://101.rdn.org.il/,טופס 101,641,5,?
https://limu.co.il/,לימודים לחרדים,642,2,?
https://yad.reachhands.com/,להושיט יד,643,13,?
https://tiktek.com/,תיקתק -Tiktek,644,2,?
https://www.openu.ac.il/,האוניברסיטה הפתוחה,645,2,?
https://rationalbelief.org.il/,רציו - מחקר. מדע. ואמונה,646,1,?
https://meonot-chemed.co.il/,רשת מעונות - אחוזת חמד,647,2,?
https://www.kidichic.co.il/,קידי שיק,648,17,?
https://pshat.com/,פשט - דברי תורה,649,1,?
https://www.clalitsmile.co.il/,כללית סמייל,650,9,?
https://hashavimnet.hilan.co.il/,חשבים נט,651,5,?
https://www.ayalon-ins.co.il/,איילון ביטוח,652,8,?
https://beinenu.com/,בינינו - שיעורי תורה לצפיה,653,1,?
https://www.arachim.org/,ערכים | יהדות | סמינרים | הרצאות,654,1,?
https://hm-news.co.il/,המחדש - אתר חדשות כשר,655,0,?
https://www.kol-amelamdim.co.il/,כל המלמדים - שיתוף חומרי למידה,656,2,?
https://sinun770.org/,יוטיוב חבד,657,10,?
https://www.ravlk.org/,עמותת 'רב להושיע',658,13,?
https://www.ashira.co.il/,אשירה | הרבנית ימימה מזרחי,659,18,?
https://www.maharitz.co.il/,יד מהריץ - מורשת יהדות תימן,660,1,?
https://yomi.org.il/,יומי - לימוד יומי בגמרא,661,1,?
https://www.malaam.org.il/,מרכז מ.ל.מ - לימודי משפט התורה,662,2,?
https://vaadharabanim.co.il/,ועד הרבנים לעניני צדקה,663,13,?
https://kartagroup.co.il/,קבוצת קרתא - נדלן,664,8,?
https://www.kolzchut.org.il/,כל זכות,665,6,?
https://www.liristyle.com/,LIRIS - אופנה צנועה אונליין,666,17,?
https://olamot.net/,עולמות - תכנית לימוד בעיון,667,1,?
https://mar-ltd.com/,מכון מאר - מרכזים לאבחון רפואי,668,9,?
https://pisgat-harahit.co.il/,פסגת הרהיט,669,4,?
https://www.simplyme.co.il/,פשוט אני - השתלמויות מקוונות למורים,670,2,?
https://www.kayak.com/,קיאק טיסות,671,14,?
https://breslevcity.co.il/,ברסלב סיטי,672,1,?
https://shutafotbaderech.co.il/,שותפות בדרך,673,18,?
https://kidschabad.org/,מועדון המעשים הטובים - חבד,674,3,?
https://stamscanner.co.il/,StamScanner - בדיקת סתם,675,5,?
https://shirahadasha.com/,שירה חדשה - אופנה צנועה,676,17,?
https://www.ylm.co.il/,י.ל.מ - ילמ פתרונות,677,5,?
https://iyun.org.il/,צריך עיון,678,1,?
https://hmagen.co.il/,המגן - סמארטפון כשר,679,15,?
https://calmark.io/,Calmark - קביעת תורים,680,5,?
https://oz-vehadar.net/,עוז והדר,681,4,?
https://shoshiyegudayov.co.il/,שושי יגודיוב,682,17,?
https://www.shagririm.org.il/,שגרירים בלב - שידוכים,683,13,?
https://haravyigal.co.il/,הרב יגאל לווינשטיין,684,1,?
https://www.954.co.il/,954 - חדשות קרית אתא,685,0,?
https://mail.aol.com/,AOL mail - דואר,686,5,?
https://www.ykr.org.il/,ישיבת כיסא רחמים,687,1,?
https://akshiva.co.il/,אקשיבה - שות למגזר החרדי,688,1,?
https://www.nimrod.co.il/,נעלי נמרוד,689,17,?
https://www.carrefour.co.il/,קרפור - Carrefour,690,4,?
https://www.adcs.co.il/,אמירים הפצה,691,4,?
https://matkoni.co.il/,מתכוני - מתכונים,692,16,?
https://www.garin-ramla.org.il/,גרעין תורני עמיחי רמלה,693,12,?
https://ravsabag.com/,הרב שלום סבג,694,1,?
https://www.mazalhazut.com/,מזל חזוט - חנות בגדים צנועים,695,17,?
https://heninthekitchen.com/,חן במטבח - מתכונים,696,16,?
https://www.halilit.com/,חלילית - רשת כלי נגינה,697,4,?
https://etz-chaim.co.il/,עץ חיים - הרב דב קוק,698,1,?
https://hkad.co.il/,חבורתא קדישתא - מגזין החרדים המוביל,699,1,?
https://www.kabook.co.il/,KaBook - קבוק - חנות תוכן יהודי,700,4,?
https://hamakom.social/,המקום - מגזין לחרדים,701,11,?
https://www.emess.co.il/,אמס | MS - חדשות ותוכן יהודי,702,0,?
https://www.alljobs.co.il/,alljobs - דרושים,703,8,?
https://tabitisrael.co.il/,טאביט - הזמנת מקום במסעדות,704,16,?
https://www.mei-ashkelon.co.il/,תאגיד מי אשקלון,705,12,?
https://my.geva.co.il/,MyGeva - מתמטיקה - יואל גבע,706,2,?
https://oria-fashion.co.il/,אוריה פאשן,707,17,?
https://www.mei-barak.co.il/,תאגיד מי ברק,708,12,?
https://www.mekudeshet.co.il/,מקודשת - מערכת ניהול לשדכנים,709,13,?
https://www.fingrow.co.il/,המרכז לצמיחה פיננסית,710,8,?
https://bhi.co.il/,חבורת תריג,711,11,?
https://datsha.co.il/,דאצ'ה - חופשות כשרות,712,11,?
https://mobile.tora.ws/,ובלכתך בדרך,713,1,?
https://www.mahshev.org.il/,מחשב מהלב,714,13,?
https://chabadlibrary.org/,ספריית ליובאוויטש,715,1,?
https://www.lahak.org/,ועד הנחות בלשון הקודש,716,1,?
https://www.stybel.co.il/,שטיבל טחנות קמח,717,16,?
https://www.mor-vetifara.co.il/,מור ותפארה - מטפחות מעוצבות,718,17,?
https://kivunim7.co.il/,כיוונים - באר שבע,719,12,?
https://www.wishingwell.co.il/,באר המשאלות,720,13,?
https://kahoot.it/,קהוט - Kahoot,722,2,?
https://www.rami-levy-ins.co.il/,רמי לוי ביטוח,723,8,?
https://achimlanefesh.org.il/,אחים לנפש,724,13,?
https://prayer.org.il/,תפילה עבור החיילים הפצועים,725,1,?
https://beitberl.ac.il/,המכללה האקדמית בית ברל,726,2,?
https://beit-midrash-hagra.com/,בית מדרש הגרא,727,1,?
https://skywell.co.il/,Skywell,728,14,?
https://kosher-basviva.com/,כשר בסביבה,729,1,?
https://hazorfim.co.il/,הצורפים - כלי כסף,730,4,?
https://mail.walla.co.il/,וואלה מייל,731,5,?
https://www.charedicts.org.il/,המרכז החרדי להכשרה מקצועית,732,2,?
https://www.yalkut.info/,ילקוט יוסף,733,1,?
https://ormenachem.net/,אור מנחם - בית ספר,734,2,?
https://8minutedaf.com/,דף יומי - 8 Minute Daf,735,1,?
https://www.taharat.org.il/,טהרת המשפחה,736,1,?
https://www.mikve.online/,מקווה אונליין,737,18,?
https://www.foxhome.co.il/,פוקס הום - Fox Home,738,4,?
https://www.pazgas.co.il/,פזגז,739,4,?
https://sales.org.il/,מכירות שכונתיות,740,4,?
https://ipolice.co.il/,מתגייסים למשטרת ישראל,741,6,?
https://www.igm.org.il/,ארגון המורים,742,11,?
https://photos.jemedia.org/,jem תמונות,743,1,?
https://www.azamra.co.il/,אזמרה - הרב אליהו גודלבסקי,744,1,?
https://www.mailogs.com/tracking,Mailog - מעקב משלוחים,745,5,?
https://yakovshkolnik.com/,יועץ נישואין - יעקב שקולניק ,746,1,?
https://www.papaya.co.il/,פפאיה - נעלי ילדים,747,17,?
https://www.aguch.org/,אגודת חסידי חבד,748,1,?
https://www.rahelihaktana.com/,רחלי הקטנה,749,10,?
https://www.hbooks.co.il/,ספרי חיים - חנות ספרי קודש,750,4,?
https://www.yodfatstyle.com/,יודפת סטייל - כיסויי ראש,751,17,?
https://www.soferstam.org/,לימוד כתיבת סתם,752,2,?
https://www.linkedin.com/,LinkedIn,753,5,?
https://dvarmalchus.co.il/,דבר מלכות - לימוד שבועי חבד,754,1,?
https://www.chen-fashion.com/,חן פאשן - אופנה צנועה,755,17,?
https://maagarim.hebrew-academy.org.il/Pages/PMain.aspx,מאגרים - מפעל המילון ההיסטורי,756,2,?
https://www.airalo.com/,Airalo - סים - eSim,757,15,?
https://invoice-generator.com/,Invoice - יוצר חשבוניות,758,5,?
https://tora-magna.com/,תורה מגנה - חרבות של מעשים טובים,759,1,?
https://jhesed.com/,שפע לכל,760,16,?
https://ravsherki.org/,הרב אורי שרקי,761,1,?
https://bogreynetzach.org/,בוגרי נצח,762,13,?
https://www.lashonimi.co.il/,לשונימי - הכנה לבגרות בלשון,763,2,?
https://www.gitlerbooks.co.il/,ספרייתי האחים גיטלר,764,4,?
https://www.mck.co.il/,מחסני השוק אונליין,765,16,?
https://www.2become1.co.il/,שניים שהם אחד - הכרויות,766,13,?
https://www.shuvaisrael.com/,שובה ישראל,767,1,?
https://www.zerashimshon.co.il/,זרע שמשון,768,1,?
https://ohelberdichev.org/,אוהל ברדיטשוב,769,1,?
https://www.hageula.com/,הגאולה- חדשות חבד,770,0,?
https://www.kupat.org.il/,קופת העיר - צדקה טהורה,771,13,?
https://cb-fashion.shop/,CB Fashion - אופנה,772,17,?
https://we-com.co.il/,WECOM - חבילות סלולר,773,15,?
https://www.passportcard.co.il/,PassportCard - ביטוח נסיעות,774,8,?
https://teutza.com/,טיסות זולות - צייד הטיסות,775,11,?
https://israelhiking.osm.org.il/,Israel Hiking Map,776,5,?
https://www.paybill.co.il/,PayBill - אתר התשלומים,777,12,?
https://moreshet-maran.com/,המרכז למורשת מרן,778,1,?
https://next-level.co.il/,NextLevel - תיוון נדלן,779,8,?
https://hechven-bb.co.il/,הכוון תעסוקתי - בני ברק,780,12,?
https://www.mycar-israel.com/,מי קאר - רכב שיתופי,781,14,?
https://yalkutyosef.co.il/,ילקוט יוסף,782,1,?
https://www.rivka.org.il/,מכללת בית רבקה,783,18,?
https://kosher.chat/,Kosher Chat,784,1,?
https://shoppi.co.il/,shoppi,785,11,?
https://m.auto.co.il/,אוטו - מגזין רכב,786,14,?
https://ayal-taarog.co.il/,כאייל תערוג,787,1,?
https://chomat-shmuel.org.il/,חומת שמואל - ירושלים,788,12,?
https://www.clalbit.co.il/,כלל ביטוח ופיננסים,789,8,?
https://www.pjisrael.org/,ספריית פיג'מה,790,3,?
https://www.ordman.co.il/,אורדמן אופנה,791,17,?
https://www.ish-tsadik.org.il/,עמותת איש צדיק היה,792,13,?
https://mainstream.online/,מיינסטרים - סרטים ומוסיקה,793,10,?
https://portal.aminadav.info/,עמינדב - שירות לאומי,794,13,?
http://chabadlibrarybooks.com/,HebrewBooks - ספריית חבד,795,1,?
https://www.achvat.co.il/,אחוות תורה,796,13,?
https://chaverim.org.il/,חברים | השירות האזרחי,797,13,?
https://www.bariladaat.com/,בריא לדעת,798,9,?
https://rsv.xline.me/,אומן אקספרס,799,14,?
https://www.tradingview.com/,TrandingView,800,8,?
https://collanta.co.il/,קולנטה - COLLANTA,801,17,?
https://www.toratemetfreeware.com/,תורת אמת,802,1,?
https://event-design.online/,מעצבים אונליין,803,5,?
https://www.mehadrinonline.co.il/,מהדרין אונליין,804,4,?
https://www.airportsparking.com/,Airports Parking - טיסות,805,14,?
https://yagdiltora.co.il/,יגדיל תורה,806,1,?
https://collive.com/,COLlive - חבד,807,0,?
https://www.gool.co.il/,Gool - קורסים אונליין,808,2,?
https://www.ytlv.co.il/,ישיבת מעלה אליהו,809,1,?
https://yeshivot.co.il/,אתר הישיבות התיכוניות,810,2,?
https://maoryehuda.co.il/,מקפת - מרכזים תורנים פתח תקווה,811,12,?
https://www.myzmanim.com/,MyZmanim,812,1,?
https://remember.bio/,Remember - עמודי זיכרון,813,13,?
https://www.bitpay.co.il/,ביט - Bit,814,8,?
https://double2love.com/,דאבל היכרויות,815,11,?
https://shvirega.co.il/,שבי רגע,816,18,?
https://mishkan-hatchelet.co.il/,משכן התכלת,817,4,?
https://www.kramim.info/,כרמים - הרב יהושע מונדשיין,818,1,?
https://www.yad2.co.il/,יד 2,819,4,?
https://tavshilim.co.il/,תבשילים וחלומות - מתכונים,820,16,?
https://www.brachabenhaim.com/,ברכה בן חיים | אופנה צנועה,821,17,?
https://halomothasidiim.co.il/,חלומות של צדקים,822,7,?
https://www.rdm.co.il/,רשת דובדבן - מעונות לגיל הרך,823,2,?
https://1221.org.il/,איחוד הצלה,824,13,?
https://www.amarpad-adigitali.co.il/,המרפ"ד הדיגיטלי,825,2,?
https://www.theyeshivaworld.com/,The Yeshiva World - News,826,0,?
https://benakel.org/,ארגון בנקל,827,8,?
https://sodastream.co.il/,סודהסטרים ישראל,828,4,?
https://mayanot.co.il/,מכללת מעיינות - רפואה משלימה,829,18,?
https://www.knowingfaith.co.il/,מכון עולמות - לדעת להאמין,830,1,?
https://kempeh.co.il/,נפתלי קמפה,831,7,?
https://mathpid.com/,mathpid - לימוד מתמטיקה,832,2,?
https://salinafashion.com/,סלינה - SALINA | אופנה צנועה לנשים,833,17,?
https://mitmachim.top/,מתמחים טופ,834,5,?
https://yeshinvoice.co.il/,יש חשבונית,835,8,?
https://www.washington.ac.il/,מכללת גבעת וושינגטון,836,2,?
https://shvushon.github.io/shvushon/,שבושון,837,1,?
https://eco-bill.com/,EcoBill - ניהול משק בית,838,8,?
https://www.colmobil.co.il/,כלמוביל - רכב,839,14,?
https://www.cwc.co.il/,עולם הקולנוע והחשמל,840,4,?
https://toveedo.com/,toveedo - וידאו כשר לילדים,841,10,?
https://www.9000000.co.il/,ביטוח 9,842,8,?
https://www.malkali.com/,מלכהלי - סרטים לילדים,843,10,?
https://torahanytime.com/,Torah anytime,844,1,?
https://orpnimi.co.il/,אור פנימי ברסלב,845,0,?
https://shinun.co.il/,שינונון,846,0,?
https://konesy2.co.il/,כונס יד 2,847,14,?
https://www.histadrut.org.il/,הסתדרות העובדים,848,11,?
https://www.kinus.com/,כינוס השלוחים העולמי,849,13,?
https://www.milli.org.il/,מילי - יעוץ רפואי,850,9,?
https://www.yadmeir.co.il/,יד מאיר,851,1,?
https://c.ort.org.il/,מכללות אורט,852,2,?
https://www.duolingo.com/,Duolingo - לימוד שפות,853,2,?
https://www.nagaroot.com/,חובבי נגרות,854,11,?
https://wolt.com/,Wolt - וולט - משלוחי אוכל,855,16,?
https://www.bikurofe.co.il/,ביקורופא,856,9,?
https://hatanakh.com/,אתר התנך - מכללת הרצוג,857,1,?
https://bneiakiva.gal-ed.co.il/,גלעד-לזכרם | בני עקיבא,858,3,?
https://mivtzatorah.org/,מבצע תורה,859,1,?
https://www.davidmak.co.il/,מלאכת הקודש - יודאיקה,860,4,?
https://nativcell.co.il/,נתיב מובייל,861,15,?
https://busnearby.co.il/,אוטובוס קרוב,862,14,?
https://he.hadassah.org.il/,בית חולים הדסה,863,9,?
https://bshch.blogspot.com/,בעולמם של חרדים,864,0,?
https://probookclub.co.il/,PBC - סיכומי ספרים,865,2,?
https://www.st-fashion.co.il/,ST Fashion - אופנה,866,17,?
https://bezeq.co.il/,בזק,867,15,?
https://yadlshliach.org/,יד לשליח,868,13,?
https://impact.bz/,ממלאים את החלל,869,13,?
https://reganews.co.il/,רגע חדשות,870,0,?
https://leetcode.com/,LeetCode,871,2,?
https://bitan-hmelech.co.il/,ביתן המלך,872,17,?
https://jolie-rose.co/,Jolie Rose - תכשיטים,873,17,?
https://bekabala.com/,בקבלה - תרופות מדור לדור,874,9,?
https://macam.ac.il/,מכון מופת,875,2,?
https://www.metropark.co.il/,מטרופארק - חניה ופיקוח עירוני,876,14,?
https://teimot.com/,טעימות - מתכונים,877,16,?
https://kindertoys.co.il/,קינדר טויס - צעצועים וכלי כתיבה,878,4,?
https://docs.google.com/,Google Docs,879,5,?
https://habeer.co.il/,הבאר - היכרויות לדתיים,880,13,?
https://torahnoar.org/,תורהנוער,881,3,?
https://mashav.tv/,משב - מה שיהודי בישראל,882,1,?
https://www.naamanp.co.il/,נעמן - כלי בית ומטבח,883,4,?
https://www.gimatria.co.il/,מחשבון גימטריה,884,5,?
https://tora-forum.co.il/,פורום לתורה,885,1,?
https://riftv.org/,אתר הריף - שיעורי תורה,886,1,?
https://readover.online/,רידובר - לימוד קריאה לילדים,887,2,?
https://www.mabatelectric.com/,מבט אלקטריק,888,4,?
https://sefertora.org.il/,ספר תורה הכללי,889,1,?
https://binaplus.co.il/,בינה פלוס,890,5,?
https://dicta.org.il/,דיקטה - ניתוח טקסטים עבריים,891,5,?
https://www.electra-power.co.il/,אלקטרה פאוור - Electra Power,892,4,?